{
    "loss": 13.690637588500977,
    "accuracy": 0.5686274766921997
}